number,date_time,temp,RH,site,treatment
2437,8/9/2017 0:00,57.247,94.929,LUX,full shade corn
2438,8/9/2017 0:30,56.815,95.329,LUX,full shade corn
2439,8/9/2017 1:00,55.863,95.497,LUX,full shade corn
2440,8/9/2017 1:30,56.208,96.391,LUX,full shade corn
2441,8/9/2017 2:00,55.342,95.931,LUX,full shade corn
2442,8/9/2017 2:30,54.82,96.414,LUX,full shade corn
2443,8/9/2017 3:00,55.125,96.917,LUX,full shade corn
2444,8/9/2017 3:30,54.952,97.043,LUX,full shade corn
2445,8/9/2017 4:00,55.125,97.424,LUX,full shade corn
2446,8/9/2017 4:30,55.906,97.313,LUX,full shade corn
2447,8/9/2017 5:00,55.863,97.078,LUX,full shade corn
2448,8/9/2017 5:30,55.819,97.503,LUX,full shade corn
2449,8/9/2017 6:00,55.906,96.321,LUX,full shade corn
2450,8/9/2017 6:30,55.342,96.746,LUX,full shade corn
2451,8/9/2017 7:00,55.038,97.259,LUX,full shade corn
2452,8/9/2017 7:30,56.772,97.773,LUX,full shade corn
2453,8/9/2017 8:00,59.916,95.732,LUX,full shade corn
2454,8/9/2017 8:30,67.714,90.337,LUX,full shade corn
2455,8/9/2017 9:00,81.597,66.502,LUX,full shade corn
2456,8/9/2017 9:30,91.449,51.789,LUX,full shade corn
2457,8/9/2017 10:00,79.963,60.369,LUX,full shade corn
2458,8/9/2017 10:30,82.308,52.454,LUX,full shade corn
2459,8/9/2017 11:00,82.931,51.703,LUX,full shade corn
2460,8/9/2017 11:30,85.532,48.573,LUX,full shade corn
2461,8/9/2017 12:00,83.601,46.653,LUX,full shade corn
2462,8/9/2017 12:30,89.085,41.641,LUX,full shade corn
2463,8/9/2017 13:00,90.75,37.209,LUX,full shade corn
2464,8/9/2017 13:30,89.362,37.605,LUX,full shade corn
2465,8/9/2017 14:00,91.917,33.291,LUX,full shade corn
2466,8/9/2017 14:30,88.259,38.485,LUX,full shade corn
2467,8/9/2017 15:00,87.894,36.716,LUX,full shade corn
2468,8/9/2017 15:30,90.657,36.392,LUX,full shade corn
2469,8/9/2017 16:00,91.917,36.459,LUX,full shade corn
2470,8/9/2017 16:30,89.685,36.205,LUX,full shade corn
2471,8/9/2017 17:00,89.499,36.736,LUX,full shade corn
2472,8/9/2017 17:30,82.575,44.433,LUX,full shade corn
2473,8/9/2017 18:00,79.48,47.665,LUX,full shade corn
2474,8/9/2017 18:30,78.602,50.933,LUX,full shade corn
2475,8/9/2017 19:00,77.16,54.586,LUX,full shade corn
2476,8/9/2017 19:30,75.767,59.448,LUX,full shade corn
2477,8/9/2017 20:00,76.768,58.545,LUX,full shade corn
2478,8/9/2017 20:30,74.034,64.298,LUX,full shade corn
2479,8/9/2017 21:00,67.413,78.67,LUX,full shade corn
2480,8/9/2017 21:30,64.074,86.66,LUX,full shade corn
2481,8/9/2017 22:00,62.577,90.282,LUX,full shade corn
2482,8/9/2017 22:30,61.376,92.052,LUX,full shade corn
2483,8/9/2017 23:00,60.517,93.192,LUX,full shade corn
2484,8/9/2017 23:30,59.959,94.234,LUX,full shade corn
2485,8/10/2017 0:00,59.272,95.017,LUX,full shade corn
2486,8/10/2017 0:30,58.842,95.058,LUX,full shade corn
2487,8/10/2017 1:00,58.152,95.576,LUX,full shade corn
2488,8/10/2017 1:30,57.85,96.251,LUX,full shade corn
2489,8/10/2017 2:00,57.42,96.29,LUX,full shade corn
2490,8/10/2017 2:30,57.549,96.616,LUX,full shade corn
2491,8/10/2017 3:00,57.936,97.287,LUX,full shade corn
2492,8/10/2017 3:30,57.807,97.216,LUX,full shade corn
2493,8/10/2017 4:00,57.765,97.031,LUX,full shade corn
2494,8/10/2017 4:30,57.42,96.98,LUX,full shade corn
2495,8/10/2017 5:00,57.376,97.152,LUX,full shade corn
2496,8/10/2017 5:30,56.383,97.41,LUX,full shade corn
2497,8/10/2017 6:00,55.733,97.465,LUX,full shade corn
2498,8/10/2017 6:30,56.556,97.588,LUX,full shade corn
2499,8/10/2017 7:00,57.074,97.717,LUX,full shade corn
2500,8/10/2017 7:30,59.358,97.448,LUX,full shade corn
2501,8/10/2017 8:00,61.376,95.686,LUX,full shade corn
2502,8/10/2017 8:30,66.13,90.042,LUX,full shade corn
2503,8/10/2017 9:00,68.056,85.229,LUX,full shade corn
2504,8/10/2017 9:30,73.947,76.211,LUX,full shade corn
2505,8/10/2017 10:00,76.246,66.169,LUX,full shade corn
2506,8/10/2017 10:30,80.713,54.426,LUX,full shade corn
2507,8/10/2017 11:00,83.601,48.535,LUX,full shade corn
2508,8/10/2017 11:30,84.99,41.824,LUX,full shade corn
2509,8/10/2017 12:00,87.21,36.275,LUX,full shade corn
2510,8/10/2017 12:30,84.049,42.162,LUX,full shade corn
2511,8/10/2017 13:00,88.947,36.706,LUX,full shade corn
2512,8/10/2017 13:30,83.556,39.65,LUX,full shade corn
2513,8/10/2017 14:00,89.87,35.198,LUX,full shade corn
2514,8/10/2017 14:30,89.132,35.159,LUX,full shade corn
2515,8/10/2017 15:00,92.527,30.743,LUX,full shade corn
2516,8/10/2017 15:30,90.844,29.701,LUX,full shade corn
2517,8/10/2017 16:00,90.612,30.38,LUX,full shade corn
2518,8/10/2017 16:30,89.132,34.141,LUX,full shade corn
2519,8/10/2017 17:00,88.993,32.839,LUX,full shade corn
2520,8/10/2017 17:30,84.317,36.321,LUX,full shade corn
2521,8/10/2017 18:00,80.227,42.189,LUX,full shade corn
2522,8/10/2017 18:30,77.509,46.595,LUX,full shade corn
2523,8/10/2017 19:00,75.508,50.259,LUX,full shade corn
2524,8/10/2017 19:30,74.424,54.118,LUX,full shade corn
2525,8/10/2017 20:00,73.645,57.507,LUX,full shade corn
2526,8/10/2017 20:30,71.231,61.009,LUX,full shade corn
2527,8/10/2017 21:00,69.3,66.305,LUX,full shade corn
2528,8/10/2017 21:30,66.6,76.589,LUX,full shade corn
2529,8/10/2017 22:00,66.429,77.536,LUX,full shade corn
2530,8/10/2017 22:30,68.443,73.088,LUX,full shade corn
2531,8/10/2017 23:00,70.072,68.546,LUX,full shade corn
2532,8/10/2017 23:30,68.742,71.288,LUX,full shade corn
2533,8/11/2017 0:00,67.543,75.151,LUX,full shade corn
2534,8/11/2017 0:30,68.099,74.84,LUX,full shade corn
2535,8/11/2017 1:00,69.427,74.005,LUX,full shade corn
2536,8/11/2017 1:30,63.689,93.826,LUX,full shade corn
2537,8/11/2017 2:00,64.332,96.742,LUX,full shade corn
2538,8/11/2017 2:30,63.946,97.333,LUX,full shade corn
2539,8/11/2017 3:00,64.033,98.25,LUX,full shade corn
2540,8/11/2017 3:30,63.648,98.553,LUX,full shade corn
2541,8/11/2017 4:00,62.362,98.821,LUX,full shade corn
2542,8/11/2017 4:30,62.276,99.064,LUX,full shade corn
2543,8/11/2017 5:00,61.547,99.107,LUX,full shade corn
2544,8/11/2017 5:30,61.419,99.342,LUX,full shade corn
2545,8/11/2017 6:00,61.29,99.577,LUX,full shade corn
2546,8/11/2017 6:30,62.533,99.741,LUX,full shade corn
2547,8/11/2017 7:00,62.834,99.736,LUX,full shade corn
2548,8/11/2017 7:30,63.518,99.764,LUX,full shade corn
2549,8/11/2017 8:00,64.674,99.684,LUX,full shade corn
2550,8/11/2017 8:30,66.043,99.609,LUX,full shade corn
2551,8/11/2017 9:00,66.9,99.481,LUX,full shade corn
2552,8/11/2017 9:30,68.227,99.345,LUX,full shade corn
2553,8/11/2017 10:00,71.317,98.452,LUX,full shade corn
2554,8/11/2017 10:30,74.381,96.148,LUX,full shade corn
2555,8/11/2017 11:00,76.593,93.067,LUX,full shade corn
2556,8/11/2017 11:30,79.128,91.471,LUX,full shade corn
2557,8/11/2017 12:00,83.064,88.207,LUX,full shade corn
2558,8/11/2017 12:30,80.184,74.384,LUX,full shade corn
2559,8/11/2017 13:00,85.307,65.817,LUX,full shade corn
2560,8/11/2017 13:30,81.642,58.617,LUX,full shade corn
2561,8/11/2017 14:00,85.082,53.815,LUX,full shade corn
2562,8/11/2017 14:30,81.066,62.043,LUX,full shade corn
2563,8/11/2017 15:00,82.62,59.418,LUX,full shade corn
2564,8/11/2017 15:30,83.779,57.731,LUX,full shade corn
2565,8/11/2017 16:00,81.333,60.272,LUX,full shade corn
2566,8/11/2017 16:30,80.096,58.922,LUX,full shade corn
2567,8/11/2017 17:00,76.942,62.01,LUX,full shade corn
2568,8/11/2017 17:30,74.813,71.808,LUX,full shade corn
2569,8/11/2017 18:00,76.158,69.189,LUX,full shade corn
2570,8/11/2017 18:30,74.597,67.211,LUX,full shade corn
2571,8/11/2017 19:00,74.295,67.121,LUX,full shade corn
2572,8/11/2017 19:30,71.62,72.059,LUX,full shade corn
2573,8/11/2017 20:00,68.742,73.872,LUX,full shade corn
2574,8/11/2017 20:30,66.472,78.955,LUX,full shade corn
2575,8/11/2017 21:00,64.931,82.875,LUX,full shade corn
2576,8/11/2017 21:30,64.117,84.152,LUX,full shade corn
2577,8/11/2017 22:00,63.048,88.148,LUX,full shade corn
2578,8/11/2017 22:30,62.577,91.001,LUX,full shade corn
2579,8/11/2017 23:00,62.148,92.608,LUX,full shade corn
2580,8/11/2017 23:30,61.633,93.796,LUX,full shade corn
2581,8/12/2017 0:00,61.333,94.64,LUX,full shade corn
2582,8/12/2017 0:30,60.948,95.209,LUX,full shade corn
2583,8/12/2017 1:00,60.433,95.678,LUX,full shade corn
2584,8/12/2017 1:30,60.003,96.312,LUX,full shade corn
2585,8/12/2017 2:00,59.83,96.904,LUX,full shade corn
2586,8/12/2017 2:30,60.604,97.327,LUX,full shade corn
2587,8/12/2017 3:00,60.26,97.224,LUX,full shade corn
2588,8/12/2017 3:30,60.132,97.41,LUX,full shade corn
2589,8/12/2017 4:00,59.83,97.672,LUX,full shade corn
2590,8/12/2017 4:30,60.217,97.986,LUX,full shade corn
2591,8/12/2017 5:00,60.346,97.75,LUX,full shade corn
2592,8/12/2017 5:30,60.604,97.737,LUX,full shade corn
2593,8/12/2017 6:00,60.733,97.859,LUX,full shade corn
2594,8/12/2017 6:30,60.647,97.795,LUX,full shade corn
2595,8/12/2017 7:00,60.861,97.878,LUX,full shade corn
2596,8/12/2017 7:30,60.303,97.692,LUX,full shade corn
2597,8/12/2017 8:00,61.72,96.306,LUX,full shade corn
2598,8/12/2017 8:30,64.033,93.717,LUX,full shade corn
2599,8/12/2017 9:00,69.901,82.988,LUX,full shade corn
2600,8/12/2017 9:30,73.688,74.877,LUX,full shade corn
2601,8/12/2017 10:00,71.577,71.087,LUX,full shade corn
2602,8/12/2017 10:30,67.885,75.734,LUX,full shade corn
2603,8/12/2017 11:00,73.904,66.484,LUX,full shade corn
2604,8/12/2017 11:30,76.593,68.486,LUX,full shade corn
2605,8/12/2017 12:00,75.117,65.94,LUX,full shade corn
2606,8/12/2017 12:30,77.203,60.836,LUX,full shade corn
2607,8/12/2017 13:00,71.661,72.326,LUX,full shade corn
2608,8/12/2017 13:30,75.463,63.856,LUX,full shade corn
2609,8/12/2017 14:00,76.768,57.21,LUX,full shade corn
2610,8/12/2017 14:30,79.92,57.098,LUX,full shade corn
2611,8/12/2017 15:00,77.77,57.325,LUX,full shade corn
2612,8/12/2017 15:30,78.602,55.109,LUX,full shade corn
2613,8/12/2017 16:00,74.943,59.654,LUX,full shade corn
2614,8/12/2017 16:30,79.963,56.224,LUX,full shade corn
2615,8/12/2017 17:00,81.775,54.383,LUX,full shade corn
2616,8/12/2017 17:30,79.128,56.563,LUX,full shade corn
2617,8/12/2017 18:00,77.072,59.716,LUX,full shade corn
2618,8/12/2017 18:30,76.681,61.772,LUX,full shade corn
2619,8/12/2017 19:00,74.683,64.48,LUX,full shade corn
2620,8/12/2017 19:30,72.61,67.225,LUX,full shade corn
2621,8/12/2017 20:00,70.372,72.568,LUX,full shade corn
2622,8/12/2017 20:30,68.227,75.457,LUX,full shade corn
2623,8/12/2017 21:00,65.829,80.536,LUX,full shade corn
2624,8/12/2017 21:30,64.074,85.434,LUX,full shade corn
2625,8/12/2017 22:00,62.875,88.637,LUX,full shade corn
2626,8/12/2017 22:30,61.977,90.573,LUX,full shade corn
2627,8/12/2017 23:00,61.075,91.297,LUX,full shade corn
2628,8/12/2017 23:30,60.561,92.648,LUX,full shade corn
2629,8/13/2017 0:00,59.659,93.749,LUX,full shade corn
2630,8/13/2017 0:30,58.842,94.437,LUX,full shade corn
2631,8/13/2017 1:00,58.195,95.866,LUX,full shade corn
2632,8/13/2017 1:30,56.858,96.36,LUX,full shade corn
2633,8/13/2017 2:00,56.512,97.175,LUX,full shade corn
2634,8/13/2017 2:30,56.556,97.385,LUX,full shade corn
2635,8/13/2017 3:00,56.599,97.188,LUX,full shade corn
2636,8/13/2017 3:30,56.599,97.188,LUX,full shade corn
2637,8/13/2017 4:00,55.429,97.165,LUX,full shade corn
2638,8/13/2017 4:30,55.256,97.697,LUX,full shade corn
2639,8/13/2017 5:00,55.125,97.727,LUX,full shade corn
2640,8/13/2017 5:30,55.342,96.695,LUX,full shade corn
2641,8/13/2017 6:00,54.648,97.554,LUX,full shade corn
2642,8/13/2017 6:30,54.43,97.875,LUX,full shade corn
2643,8/13/2017 7:00,54.473,98.083,LUX,full shade corn
2644,8/13/2017 7:30,57.29,98.156,LUX,full shade corn
2645,8/13/2017 8:00,59.83,95.874,LUX,full shade corn
2646,8/13/2017 8:30,62.962,91.823,LUX,full shade corn
2647,8/13/2017 9:00,68.913,81.945,LUX,full shade corn
2648,8/13/2017 9:30,84.137,60.672,LUX,full shade corn
2649,8/13/2017 10:00,76.419,59.536,LUX,full shade corn
2650,8/13/2017 10:30,75.508,59.703,LUX,full shade corn
2651,8/13/2017 11:00,78.251,58.454,LUX,full shade corn
2652,8/13/2017 11:30,77.99,60.228,LUX,full shade corn
2653,8/13/2017 12:00,77.902,62.556,LUX,full shade corn
2654,8/13/2017 12:30,82.486,52.882,LUX,full shade corn
2655,8/13/2017 13:00,85.622,50.746,LUX,full shade corn
2656,8/13/2017 13:30,82.665,54.231,LUX,full shade corn
2657,8/13/2017 14:00,83.242,51.149,LUX,full shade corn
2658,8/13/2017 14:30,85.577,49.807,LUX,full shade corn
2659,8/13/2017 15:00,83.199,51.883,LUX,full shade corn
2660,8/13/2017 15:30,82.353,50.891,LUX,full shade corn
2661,8/13/2017 16:00,82.175,54.097,LUX,full shade corn
2662,8/13/2017 16:30,82.486,49.617,LUX,full shade corn
2663,8/13/2017 17:00,79.743,53.496,LUX,full shade corn
2664,8/13/2017 17:30,81.244,51.193,LUX,full shade corn
2665,8/13/2017 18:00,81.597,52.432,LUX,full shade corn
2666,8/13/2017 18:30,80.008,55.158,LUX,full shade corn
2667,8/13/2017 19:00,78.382,58.528,LUX,full shade corn
2668,8/13/2017 19:30,74.683,63.055,LUX,full shade corn
2669,8/13/2017 20:00,71.834,74.587,LUX,full shade corn
2670,8/13/2017 20:30,67.757,86.291,LUX,full shade corn
2671,8/13/2017 21:00,65.23,91.34,LUX,full shade corn
2672,8/13/2017 21:30,63.604,93.683,LUX,full shade corn
2673,8/13/2017 22:00,62.748,94.897,LUX,full shade corn
2674,8/13/2017 22:30,62.447,96.284,LUX,full shade corn
2675,8/13/2017 23:00,63.219,96.63,LUX,full shade corn
2676,8/13/2017 23:30,63.347,96.597,LUX,full shade corn
2677,8/14/2017 0:00,63.561,97.095,LUX,full shade corn
2678,8/14/2017 0:30,63.775,97.489,LUX,full shade corn
2679,8/14/2017 1:00,63.689,97.373,LUX,full shade corn
2680,8/14/2017 1:30,63.604,97.567,LUX,full shade corn
2681,8/14/2017 2:00,63.262,97.568,LUX,full shade corn
2682,8/14/2017 2:30,63.561,98.077,LUX,full shade corn
2683,8/14/2017 3:00,62.919,98.006,LUX,full shade corn
2684,8/14/2017 3:30,62.62,97.936,LUX,full shade corn
2685,8/14/2017 4:00,62.49,96.057,LUX,full shade corn
2686,8/14/2017 4:30,62.019,97.332,LUX,full shade corn
2687,8/14/2017 5:00,62.019,95.988,LUX,full shade corn
2688,8/14/2017 5:30,62.062,96.874,LUX,full shade corn
2689,8/14/2017 6:00,61.59,97.705,LUX,full shade corn
2690,8/14/2017 6:30,61.205,98.135,LUX,full shade corn
2691,8/14/2017 7:00,60.517,98.491,LUX,full shade corn
2692,8/14/2017 7:30,62.791,96.567,LUX,full shade corn
2693,8/14/2017 8:00,63.946,94.415,LUX,full shade corn
2694,8/14/2017 8:30,66.258,89.79,LUX,full shade corn
2695,8/14/2017 9:00,73.558,83.101,LUX,full shade corn
2696,8/14/2017 9:30,82.218,67.898,LUX,full shade corn
2697,8/14/2017 10:00,79.084,62.295,LUX,full shade corn
2698,8/14/2017 10:30,79.347,67.435,LUX,full shade corn
2699,8/14/2017 11:00,81.066,61.147,LUX,full shade corn
2700,8/14/2017 11:30,83.467,54.96,LUX,full shade corn
2701,8/14/2017 12:00,83.736,52.403,LUX,full shade corn
2702,8/14/2017 12:30,87.391,49.094,LUX,full shade corn
2703,8/14/2017 13:00,81.466,54.327,LUX,full shade corn
2704,8/14/2017 13:30,83.064,53.372,LUX,full shade corn
2705,8/14/2017 14:00,85.082,49.351,LUX,full shade corn
2706,8/14/2017 14:30,82.218,49.372,LUX,full shade corn
2707,8/14/2017 15:00,86.891,45.6,LUX,full shade corn
2708,8/14/2017 15:30,89.316,44.936,LUX,full shade corn
2709,8/14/2017 16:00,85.712,50.43,LUX,full shade corn
2710,8/14/2017 16:30,81.244,52.723,LUX,full shade corn
2711,8/14/2017 17:00,77.553,62.065,LUX,full shade corn
2712,8/14/2017 17:30,80.537,61.162,LUX,full shade corn
2713,8/14/2017 18:00,85.532,53.179,LUX,full shade corn
2714,8/14/2017 18:30,82.042,59.96,LUX,full shade corn
2715,8/14/2017 19:00,77.99,62.411,LUX,full shade corn
2716,8/14/2017 19:30,78.076,65.255,LUX,full shade corn
2717,8/14/2017 20:00,75.029,70.501,LUX,full shade corn
2718,8/14/2017 20:30,70.502,82.053,LUX,full shade corn
2719,8/14/2017 21:00,67.757,90.936,LUX,full shade corn
2720,8/14/2017 21:30,66.686,93.193,LUX,full shade corn
2721,8/14/2017 22:00,65.145,94.639,LUX,full shade corn
2722,8/14/2017 22:30,64.717,95.913,LUX,full shade corn
2723,8/14/2017 23:00,64.546,96.253,LUX,full shade corn
2724,8/14/2017 23:30,63.862,96.543,LUX,full shade corn
2725,8/15/2017 0:00,62.748,97.027,LUX,full shade corn
2726,8/15/2017 0:30,62.233,97.466,LUX,full shade corn
2727,8/15/2017 1:00,62.191,97.795,LUX,full shade corn
2728,8/15/2017 1:30,61.891,98.084,LUX,full shade corn
2729,8/15/2017 2:00,62.834,98.636,LUX,full shade corn
2730,8/15/2017 2:30,63.648,98.604,LUX,full shade corn
2731,8/15/2017 3:00,64.332,98.656,LUX,full shade corn
2732,8/15/2017 3:30,65.23,97.912,LUX,full shade corn
2733,8/15/2017 4:00,65.788,97.891,LUX,full shade corn
2734,8/15/2017 4:30,65.701,98.138,LUX,full shade corn
2735,8/15/2017 5:00,64.803,99.087,LUX,full shade corn
2736,8/15/2017 5:30,64.632,99.523,LUX,full shade corn
2737,8/15/2017 6:00,65.017,99.736,LUX,full shade corn
2738,8/15/2017 6:30,64.76,99.902,LUX,full shade corn
2739,8/15/2017 7:00,64.674,99.94,LUX,full shade corn
2740,8/15/2017 7:30,64.974,100,LUX,full shade corn
2741,8/15/2017 8:00,65.872,99.917,LUX,full shade corn
2742,8/15/2017 8:30,68.056,99.267,LUX,full shade corn
2743,8/15/2017 9:00,73.904,95.813,LUX,full shade corn
2744,8/15/2017 9:30,71.231,94.926,LUX,full shade corn
2745,8/15/2017 10:00,71.577,92.213,LUX,full shade corn
2746,8/15/2017 10:30,78.602,84.343,LUX,full shade corn
2747,8/15/2017 11:00,78.427,78.483,LUX,full shade corn
2748,8/15/2017 11:30,79.92,75.062,LUX,full shade corn
2749,8/15/2017 12:00,82.218,68.201,LUX,full shade corn
2750,8/15/2017 12:30,85.307,60.992,LUX,full shade corn
2751,8/15/2017 13:00,82.886,63.625,LUX,full shade corn
2752,8/15/2017 13:30,85.984,58.985,LUX,full shade corn
2753,8/15/2017 14:00,82.976,61.44,LUX,full shade corn
2754,8/15/2017 14:30,86.891,54.115,LUX,full shade corn
2755,8/15/2017 15:00,87.118,53.717,LUX,full shade corn
2756,8/15/2017 15:30,89.269,50.818,LUX,full shade corn
2757,8/15/2017 16:00,85.577,52.894,LUX,full shade corn
2758,8/15/2017 16:30,88.718,49.61,LUX,full shade corn
2759,8/15/2017 17:00,84.9,55.55,LUX,full shade corn
2760,8/15/2017 17:30,84.99,56.096,LUX,full shade corn
2761,8/15/2017 18:00,83.869,56.573,LUX,full shade corn
2762,8/15/2017 18:30,81.73,56.965,LUX,full shade corn
2763,8/15/2017 19:00,80.978,62.405,LUX,full shade corn
2764,8/15/2017 19:30,77.684,68.894,LUX,full shade corn
2765,8/15/2017 20:00,73.515,75.816,LUX,full shade corn
2766,8/15/2017 20:30,71.404,80.357,LUX,full shade corn
2767,8/15/2017 21:00,69.514,85.054,LUX,full shade corn
2768,8/15/2017 21:30,68.356,89.695,LUX,full shade corn
2769,8/15/2017 22:00,67.714,89.257,LUX,full shade corn
2770,8/15/2017 22:30,66.515,91.061,LUX,full shade corn
2771,8/15/2017 23:00,65.059,94.39,LUX,full shade corn
2772,8/15/2017 23:30,64.546,95.679,LUX,full shade corn
2773,8/16/2017 0:00,64.074,96.392,LUX,full shade corn
2774,8/16/2017 0:30,64.033,97.527,LUX,full shade corn
2775,8/16/2017 1:00,63.304,97.523,LUX,full shade corn
2776,8/16/2017 1:30,62.875,97.614,LUX,full shade corn
2777,8/16/2017 2:00,62.148,97.865,LUX,full shade corn
2778,8/16/2017 2:30,61.804,98.122,LUX,full shade corn
2779,8/16/2017 3:00,61.462,98.378,LUX,full shade corn
2780,8/16/2017 3:30,61.032,98.62,LUX,full shade corn
2781,8/16/2017 4:00,60.775,98.581,LUX,full shade corn
2782,8/16/2017 4:30,60.604,98.708,LUX,full shade corn
2783,8/16/2017 5:00,60.517,98.925,LUX,full shade corn
2784,8/16/2017 5:30,60.346,99.026,LUX,full shade corn
2785,8/16/2017 6:00,60.089,99.038,LUX,full shade corn
2786,8/16/2017 6:30,59.916,99.215,LUX,full shade corn
2787,8/16/2017 7:00,59.916,99.316,LUX,full shade corn
2788,8/16/2017 7:30,61.547,99.514,LUX,full shade corn
2789,8/16/2017 8:00,64.332,99.273,LUX,full shade corn
2790,8/16/2017 8:30,67.199,96.902,LUX,full shade corn
2791,8/16/2017 9:00,76.768,82.389,LUX,full shade corn
2792,8/16/2017 9:30,84.094,75.813,LUX,full shade corn
2793,8/16/2017 10:00,78.033,72.057,LUX,full shade corn
2794,8/16/2017 10:30,91.542,63.732,LUX,full shade corn
2795,8/16/2017 11:00,82.308,65.411,LUX,full shade corn
2796,8/16/2017 11:30,84.767,63.334,LUX,full shade corn
2797,8/16/2017 12:00,87.985,57.448,LUX,full shade corn
2798,8/16/2017 12:30,87.118,56.14,LUX,full shade corn
2799,8/16/2017 13:00,92.763,50.65,LUX,full shade corn
2800,8/16/2017 13:30,93.328,51.635,LUX,full shade corn
2801,8/16/2017 14:00,88.306,57.347,LUX,full shade corn
2802,8/16/2017 14:30,89.731,51.629,LUX,full shade corn
2803,8/16/2017 15:00,88.626,50.48,LUX,full shade corn
2804,8/16/2017 15:30,93.375,48.862,LUX,full shade corn
2805,8/16/2017 16:00,93.848,45.363,LUX,full shade corn
2806,8/16/2017 16:30,91.076,48.013,LUX,full shade corn
2807,8/16/2017 17:00,92.62,46.011,LUX,full shade corn
2808,8/16/2017 17:30,87.3,55.105,LUX,full shade corn
2809,8/16/2017 18:00,88.351,54.1,LUX,full shade corn
2810,8/16/2017 18:30,87.894,52.589,LUX,full shade corn
2811,8/16/2017 19:00,84.452,55.957,LUX,full shade corn
2812,8/16/2017 19:30,80.537,69.661,LUX,full shade corn
2813,8/16/2017 20:00,76.942,84.674,LUX,full shade corn
2814,8/16/2017 20:30,75.333,88.292,LUX,full shade corn
2815,8/16/2017 21:00,73.688,90.711,LUX,full shade corn
2816,8/16/2017 21:30,73.472,90.736,LUX,full shade corn
2817,8/16/2017 22:00,74.381,82.072,LUX,full shade corn
2818,8/16/2017 22:30,74.034,82.341,LUX,full shade corn
2819,8/16/2017 23:00,74.813,79.562,LUX,full shade corn
2820,8/16/2017 23:30,73.861,80.079,LUX,full shade corn
2821,8/17/2017 0:00,73.731,79.493,LUX,full shade corn
2822,8/17/2017 0:30,73.213,80.116,LUX,full shade corn
2823,8/17/2017 1:00,72.696,80.567,LUX,full shade corn
2824,8/17/2017 1:30,72.61,78.562,LUX,full shade corn
2825,8/17/2017 2:00,71.62,81.09,LUX,full shade corn
2826,8/17/2017 2:30,70.803,81.358,LUX,full shade corn
2827,8/17/2017 3:00,70.587,82.513,LUX,full shade corn
2828,8/17/2017 3:30,70.459,82.217,LUX,full shade corn
2829,8/17/2017 4:00,69.3,89.278,LUX,full shade corn
2830,8/17/2017 4:30,67.456,97.201,LUX,full shade corn
2831,8/17/2017 5:00,67.798,98.008,LUX,full shade corn
2832,8/17/2017 5:30,68.227,98.462,LUX,full shade corn
2833,8/17/2017 6:00,68.4,98.696,LUX,full shade corn
2834,8/17/2017 6:30,68.571,98.981,LUX,full shade corn
2835,8/17/2017 7:00,69.3,99.143,LUX,full shade corn
2836,8/17/2017 7:30,70.072,99.102,LUX,full shade corn
2837,8/17/2017 8:00,71.447,98.837,LUX,full shade corn
2838,8/17/2017 8:30,72.221,98.848,LUX,full shade corn
2839,8/17/2017 9:00,74.206,97.532,LUX,full shade corn
2840,8/17/2017 9:30,74.899,96.143,LUX,full shade corn
2841,8/17/2017 10:00,74.943,94.675,LUX,full shade corn
2842,8/17/2017 10:30,74.943,93.435,LUX,full shade corn
2843,8/17/2017 11:00,75.637,93.531,LUX,full shade corn
2844,8/17/2017 11:30,75.074,92.423,LUX,full shade corn
2845,8/17/2017 12:00,75.594,91.869,LUX,full shade corn
2846,8/17/2017 12:30,78.427,86.406,LUX,full shade corn
2847,8/17/2017 13:00,81.952,80.569,LUX,full shade corn
2848,8/17/2017 13:30,82.753,77.254,LUX,full shade corn
2849,8/17/2017 14:00,79.963,80.596,LUX,full shade corn
2850,8/17/2017 14:30,81.066,77.504,LUX,full shade corn
2851,8/17/2017 15:00,85.802,67.914,LUX,full shade corn
2852,8/17/2017 15:30,82.042,74.585,LUX,full shade corn
2853,8/17/2017 16:00,82.665,69.061,LUX,full shade corn
2854,8/17/2017 16:30,80.58,74.456,LUX,full shade corn
2855,8/17/2017 17:00,83.154,75.149,LUX,full shade corn
2856,8/17/2017 17:30,86.211,65.687,LUX,full shade corn
2857,8/17/2017 18:00,83.556,66.049,LUX,full shade corn
2858,8/17/2017 18:30,80.361,66.626,LUX,full shade corn
2859,8/17/2017 19:00,77.99,69.314,LUX,full shade corn
2860,8/17/2017 19:30,80.096,70.634,LUX,full shade corn
2861,8/17/2017 20:00,76.289,73.494,LUX,full shade corn
2862,8/17/2017 20:30,75.16,75.621,LUX,full shade corn
2863,8/17/2017 21:00,74.554,76.569,LUX,full shade corn
2864,8/17/2017 21:30,74.511,74.327,LUX,full shade corn
2865,8/17/2017 22:00,73.731,74.446,LUX,full shade corn
2866,8/17/2017 22:30,74.338,72.669,LUX,full shade corn
2867,8/17/2017 23:00,72.05,81.508,LUX,full shade corn
2868,8/17/2017 23:30,68.742,94.969,LUX,full shade corn
2869,8/18/2017 0:00,68.527,95.572,LUX,full shade corn
2870,8/18/2017 0:30,68.227,95.107,LUX,full shade corn
2871,8/18/2017 1:00,68.913,94.834,LUX,full shade corn
2872,8/18/2017 1:30,68.657,95.062,LUX,full shade corn
2873,8/18/2017 2:00,68.956,94.124,LUX,full shade corn
2874,8/18/2017 2:30,68.142,93.716,LUX,full shade corn
2875,8/18/2017 3:00,67.757,93.768,LUX,full shade corn
2876,8/18/2017 3:30,67.199,95.381,LUX,full shade corn
2877,8/18/2017 4:00,66.429,96.057,LUX,full shade corn
2878,8/18/2017 4:30,66.214,95.581,LUX,full shade corn
2879,8/18/2017 5:00,66.301,95.908,LUX,full shade corn
2880,8/18/2017 5:30,65.959,96.694,LUX,full shade corn
2881,8/18/2017 6:00,65.959,96.773,LUX,full shade corn
2882,8/18/2017 6:30,65.959,95.307,LUX,full shade corn
2883,8/18/2017 7:00,65.102,95.341,LUX,full shade corn
2884,8/18/2017 7:30,65.316,95.896,LUX,full shade corn
2885,8/18/2017 8:00,65.959,95.412,LUX,full shade corn
2886,8/18/2017 8:30,66.173,94.759,LUX,full shade corn
2887,8/18/2017 9:00,66.558,93.121,LUX,full shade corn
2888,8/18/2017 9:30,69.427,93.204,LUX,full shade corn
2889,8/18/2017 10:00,68.657,90.411,LUX,full shade corn
2890,8/18/2017 10:30,68.785,89.183,LUX,full shade corn
2891,8/18/2017 11:00,70.63,83.665,LUX,full shade corn
2892,8/18/2017 11:30,69.6,83.175,LUX,full shade corn
2893,8/18/2017 12:00,71.964,81.103,LUX,full shade corn
2894,8/18/2017 12:30,71.704,78,LUX,full shade corn
2895,8/18/2017 13:00,72.264,77.893,LUX,full shade corn
2896,8/18/2017 13:30,71.92,77.222,LUX,full shade corn
2897,8/18/2017 14:00,70.846,77.844,LUX,full shade corn
2898,8/18/2017 14:30,72.178,74.48,LUX,full shade corn
2899,8/18/2017 15:00,75.463,71.699,LUX,full shade corn
2900,8/18/2017 15:30,72.136,76.326,LUX,full shade corn
2901,8/18/2017 16:00,73.299,75.473,LUX,full shade corn
2902,8/18/2017 16:30,71.62,79.132,LUX,full shade corn
2903,8/18/2017 17:00,71.62,75.056,LUX,full shade corn
2904,8/18/2017 17:30,72.739,73.726,LUX,full shade corn
2905,8/18/2017 18:00,71.49,75.331,LUX,full shade corn
2906,8/18/2017 18:30,70.201,76.826,LUX,full shade corn
2907,8/18/2017 19:00,70.243,76.86,LUX,full shade corn
2908,8/18/2017 19:30,69.557,79.288,LUX,full shade corn
2909,8/18/2017 20:00,68.056,85.669,LUX,full shade corn
2910,8/18/2017 20:30,65.701,89.149,LUX,full shade corn
2911,8/18/2017 21:00,63.347,94.722,LUX,full shade corn
2912,8/18/2017 21:30,62.319,95.928,LUX,full shade corn
2913,8/18/2017 22:00,61.804,97.171,LUX,full shade corn
2914,8/18/2017 22:30,60.904,97.114,LUX,full shade corn
2915,8/18/2017 23:00,60.346,97.34,LUX,full shade corn
2916,8/18/2017 23:30,60.174,98.031,LUX,full shade corn
2917,8/19/2017 0:00,59.745,98.119,LUX,full shade corn
2918,8/19/2017 0:30,60.474,98.893,LUX,full shade corn
2919,8/19/2017 1:00,61.032,98.518,LUX,full shade corn
2920,8/19/2017 1:30,61.119,98.863,LUX,full shade corn
2921,8/19/2017 2:00,61.075,98.958,LUX,full shade corn
2922,8/19/2017 2:30,61.72,99.286,LUX,full shade corn
2923,8/19/2017 3:00,61.376,99.055,LUX,full shade corn
2924,8/19/2017 3:30,61.075,99.035,LUX,full shade corn
2925,8/19/2017 4:00,61.205,99.36,LUX,full shade corn
2926,8/19/2017 4:30,62.276,99.472,LUX,full shade corn
2927,8/19/2017 5:00,62.362,99.307,LUX,full shade corn
2928,8/19/2017 5:30,62.962,99.321,LUX,full shade corn
2929,8/19/2017 6:00,62.276,99.319,LUX,full shade corn
2930,8/19/2017 6:30,60.561,99.059,LUX,full shade corn
2931,8/19/2017 7:00,59.486,99.352,LUX,full shade corn
2932,8/19/2017 7:30,60.991,99.734,LUX,full shade corn
2933,8/19/2017 8:00,62.704,99.333,LUX,full shade corn
2934,8/19/2017 8:30,74.856,94.179,LUX,full shade corn
2935,8/19/2017 9:00,71.748,80.397,LUX,full shade corn
2936,8/19/2017 9:30,71.62,79.701,LUX,full shade corn
2937,8/19/2017 10:00,71.877,77.648,LUX,full shade corn
2938,8/19/2017 10:30,74.295,68.316,LUX,full shade corn
2939,8/19/2017 11:00,77.464,62.455,LUX,full shade corn
2940,8/19/2017 11:30,78.076,59.834,LUX,full shade corn
2941,8/19/2017 12:00,79.876,56.405,LUX,full shade corn
2942,8/19/2017 12:30,82.085,51.799,LUX,full shade corn
2943,8/19/2017 13:00,82.042,49.327,LUX,full shade corn
2944,8/19/2017 13:30,83.959,51.844,LUX,full shade corn
2945,8/19/2017 14:00,83.736,48.091,LUX,full shade corn
2946,8/19/2017 14:30,85.532,52.122,LUX,full shade corn
2947,8/19/2017 15:00,84.587,47.858,LUX,full shade corn
2948,8/19/2017 15:30,85.035,47.369,LUX,full shade corn
2949,8/19/2017 16:00,84.182,47.148,LUX,full shade corn
2950,8/19/2017 16:30,85.442,48.275,LUX,full shade corn
2951,8/19/2017 17:00,85.984,44.983,LUX,full shade corn
2952,8/19/2017 17:30,83.021,49.365,LUX,full shade corn
2953,8/19/2017 18:00,81.199,51.541,LUX,full shade corn
2954,8/19/2017 18:30,79.084,51.574,LUX,full shade corn
2955,8/19/2017 19:00,78.033,55.597,LUX,full shade corn
2956,8/19/2017 19:30,74.899,61.673,LUX,full shade corn
2957,8/19/2017 20:00,71.748,68.715,LUX,full shade corn
2958,8/19/2017 20:30,68.313,76.784,LUX,full shade corn
2959,8/19/2017 21:00,64.459,90.486,LUX,full shade corn
2960,8/19/2017 21:30,62.362,93.69,LUX,full shade corn
2961,8/19/2017 22:00,61.29,95.103,LUX,full shade corn
2962,8/19/2017 22:30,60.604,95.832,LUX,full shade corn
2963,8/19/2017 23:00,59.486,96.03,LUX,full shade corn
2964,8/19/2017 23:30,59.229,97.019,LUX,full shade corn
